**** All Elevator Calls (time,src,dest,state,elev dt) stage 4 ****
Elevator call,4.993816266014164,-1,12,3,2, Done, dt, 1188.0061837339858
Elevator call,18.77917039169597,-2,-1,3,2, Done, dt, 133.22082960830403
Elevator call,19.387078657155826,0,17,3,2, Done, dt, 334.6129213428442
Elevator call,27.9999732565052,0,9,3,2, Done, dt, 1505.0000267434948
Elevator call,38.28582116015673,0,2,3,2, Done, dt, 594.7141788398433
Elevator call,39.19202923931175,0,20,3,2, Done, dt, 629.8079707606882
Elevator call,39.69710409736126,0,12,3,2, Done, dt, 1153.3028959026387
Elevator call,57.40531969890162,0,1,3,2, Done, dt, 1072.5946803010984
Elevator call,63.05259875982824,-1,0,3,2, Done, dt, 197.94740124017176
Elevator call,79.37736411739434,0,14,3,2, Done, dt, 2004.6226358826057
Elevator call,92.15048695301039,-2,5,3,2, Done, dt, 896.8495130469896
Elevator call,96.61997031673536,-1,8,3,2, Done, dt, 2891.3800296832646
Elevator call,111.62708145083661,0,-2,3,2, Done, dt, 281.3729185491634
Elevator call,140.52095248879914,-1,7,3,2, Done, dt, 430.47904751120086
Elevator call,142.07808960138755,-2,0,3,2, Done, dt, 263.92191039861245
Elevator call,147.44392615224183,-1,6,3,2, Done, dt, 132.55607384775817
Elevator call,170.15712188664338,-1,11,3,2, Done, dt, 574.8428781133566
Elevator call,177.9146689591314,0,3,3,2, Done, dt, 907.0853310408686
Elevator call,179.41211574761928,0,13,3,2, Done, dt, 523.5878842523807
Elevator call,188.69360223337299,-1,-2,3,2, Done, dt, 204.30639776662701
Elevator call,197.44243298068636,-2,15,3,2, Done, dt, 1591.5575670193136
Elevator call,209.35081553255895,4,0,3,2, Done, dt, 51.649184467441046
Elevator call,209.97850155767696,0,11,3,2, Done, dt, 535.021498442323
Elevator call,210.90630526255882,4,0,3,2, Done, dt, 50.09369473744118
Elevator call,211.32931870336074,0,18,3,2, Done, dt, 1500.6706812966393
Elevator call,218.07434462591186,18,19,3,2, Done, dt, 2296.925655374088
Elevator call,220.76873550670848,16,0,3,2, Done, dt, 834.2312644932915
Elevator call,224.31198381778677,-1,-2,3,2, Done, dt, 168.68801618221323
Elevator call,249.47153929844012,-1,0,3,2, Done, dt, 156.52846070155988
Elevator call,255.11453151297678,-1,0,3,2, Done, dt, 150.88546848702322
Elevator call,257.29849213037915,0,-2,3,2, Done, dt, 135.70150786962085
Elevator call,260.38349181826743,-2,12,3,2, Done, dt, 932.6165081817326
Elevator call,266.894697015759,6,-1,3,2, Done, dt, 63.10530298424101
Elevator call,270.3465008526289,0,-1,3,2, Done, dt, 59.65349914737112
Elevator call,272.4308393782785,-2,6,3,2, Done, dt, 841.5691606217215
Elevator call,303.5884504315734,0,5,3,2, Done, dt, 685.4115495684266
Elevator call,310.43660083151826,10,-1,3,2, Done, dt, 291.56339916848174
Elevator call,318.63880157220933,-1,6,3,2, Done, dt, 795.3611984277907
Elevator call,334.8964002994919,-1,17,3,2, Done, dt, 2354.1035997005083
Elevator call,338.34551095760867,-2,9,3,2, Done, dt, 1194.6544890423913
Elevator call,361.645498123866,-1,11,3,2, Done, dt, 383.354501876134
Elevator call,381.31971563530055,-2,18,3,2, Done, dt, 1330.6802843646994
Elevator call,388.51503029731634,0,16,3,2, Done, dt, 626.4849697026837
Elevator call,394.25877451521023,0,-1,3,2, Done, dt, 207.74122548478977
Elevator call,396.01053237831434,-1,7,3,2, Done, dt, 438.98946762168566
Elevator call,396.1162807679582,0,8,3,2, Done, dt, 2591.8837192320416
Elevator call,397.828560875153,9,18,3,2, Done, dt, 1314.171439124847
Elevator call,400.2358983059046,-1,3,3,2, Done, dt, 684.7641016940954
Elevator call,403.08087087207764,-1,20,3,2, Done, dt, 265.91912912792236
Elevator call,420.90267429546566,0,19,3,2, Done, dt, 107.09732570453434
Elevator call,424.97730311249506,4,0,3,2, Done, dt, 963.0226968875049
Elevator call,431.638137321645,-1,17,3,2, Done, dt, 2257.361862678355
Elevator call,442.48024316783403,10,18,3,2, Done, dt, 1269.519756832166
Elevator call,448.37219431241874,-2,17,3,2, Done, dt, 2240.6278056875813
Elevator call,458.57493472839155,0,9,3,2, Done, dt, 1074.4250652716084
Elevator call,467.1243025576689,-2,20,3,2, Done, dt, 470.8756974423311
Elevator call,471.18462320429603,-2,11,3,2, Done, dt, 1183.815376795704
Elevator call,507.896243493429,0,19,3,2, Done, dt, 2007.103756506571
Elevator call,508.3883648726937,-1,20,3,2, Done, dt, 160.61163512730627
Elevator call,524.1069739806394,1,15,3,2, Done, dt, 1264.8930260193606
Elevator call,530.1742255496574,0,4,3,2, Done, dt, 737.8257744503426
Elevator call,556.8993874391524,0,7,3,2, Done, dt, 278.1006125608476
Elevator call,557.5557041789998,0,4,3,2, Done, dt, 710.4442958210002
Elevator call,562.5015578609957,0,20,3,2, Done, dt, 106.49844213900428
Elevator call,573.8367444751809,0,-2,3,2, Done, dt, 193.16325552481908
Elevator call,579.4289603377472,0,-2,3,2, Done, dt, 187.57103966225282
Elevator call,582.4748234204005,0,2,3,2, Done, dt, 50.525176579599474
Elevator call,587.5065401456161,0,15,3,2, Done, dt, 1201.493459854384
Elevator call,590.6208993932232,-1,2,3,2, Done, dt, 42.379100606776774
Elevator call,593.1685913886549,-2,18,3,2, Done, dt, 1118.831408611345
Elevator call,620.2579900542485,2,13,3,2, Done, dt, 82.74200994575153
Elevator call,623.6992665911678,0,10,3,2, Done, dt, 742.3007334088322
Elevator call,627.5033706858799,-2,0,3,2, Done, dt, 165.49662931412013
Elevator call,635.7897844410584,0,6,3,2, Done, dt, 478.2102155589416
Elevator call,648.3122718675629,0,20,3,2, Done, dt, 289.6877281324371
Elevator call,688.1143086691975,13,6,3,2, Done, dt, 425.8856913308025
Elevator call,689.1432791543316,-2,11,3,2, Done, dt, 965.8567208456684
Elevator call,695.0796471237577,7,0,3,2, Done, dt, 155.9203528762423
Elevator call,695.4237523147347,2,-1,3,2, Done, dt, 345.57624768526534
Elevator call,703.881682733766,0,17,3,2, Done, dt, 1985.118317266234
Elevator call,708.981552127932,0,12,3,2, Done, dt, 484.018447872068
Elevator call,717.7965298809615,-2,12,3,2, Done, dt, 475.20347011903846
Elevator call,728.499323661546,0,11,3,2, Done, dt, 926.500676338454
Elevator call,741.8722441091284,0,6,3,2, Done, dt, 372.12775589087164
Elevator call,744.975962002575,17,0,3,2, Done, dt, 1976.024037997425
Elevator call,749.8657280601287,-2,0,3,2, Done, dt, 43.13427193987127
Elevator call,758.4490750208467,0,-1,3,2, Done, dt, 282.55092497915325
Elevator call,765.1796993620308,-1,8,3,2, Done, dt, 2222.820300637969
Elevator call,768.9310981605672,2,8,3,2, Done, dt, 2219.068901839433
Elevator call,777.0797168382923,0,12,3,2, Done, dt, 415.92028316170774
Elevator call,781.7375130869042,0,2,3,2, Done, dt, 122.26248691309581
Elevator call,789.2940003734968,0,19,3,2, Done, dt, 1725.7059996265032
Elevator call,790.84999807964,-1,11,3,2, Done, dt, 864.15000192036
Elevator call,793.7757239212833,-2,-1,3,2, Done, dt, 247.22427607871668
Elevator call,819.0973959909869,7,8,3,2, Done, dt, 2168.902604009013
Elevator call,822.1388045776276,-1,3,3,2, Done, dt, 262.86119542237236
Elevator call,827.0483922867262,7,0,3,2, Done, dt, 23.951607713273802
Elevator call,833.2953788491847,18,0,3,2, Done, dt, 1058.7046211508155
Elevator call,836.3100863645074,0,20,3,2, Done, dt, 101.68991363549264
Elevator call,840.9085198183803,3,5,3,2, Done, dt, 1314.0914801816198
Elevator call,854.1199582715301,-2,16,3,2, Done, dt, 160.8800417284699
Elevator call,858.5727486699326,4,0,3,2, Done, dt, 529.4272513300674
Elevator call,863.6615831859367,-2,-3,2,2
Elevator call,865.092482993349,0,6,3,2, Done, dt, 248.907517006651
Elevator call,891.7829186868805,-2,2,3,2, Done, dt, 874.2170813131195
Elevator call,905.7125010362058,0,9,3,2, Done, dt, 627.2874989637942
Elevator call,917.921440920651,20,-1,3,2, Done, dt, 123.07855907934902
Elevator call,920.9559777501229,-2,-1,3,2, Done, dt, 361.0440222498771
Elevator call,948.3431624386573,0,-2,3,2, Done, dt, 211.65683756134274
Elevator call,949.8446878410363,0,11,3,2, Done, dt, 705.1553121589637
Elevator call,975.3682526243218,5,-1,3,2, Done, dt, 65.63174737567817
Elevator call,977.7982491609354,0,-1,3,2, Done, dt, 92.20175083906463
Elevator call,986.5198212785085,-2,2,3,2, Done, dt, 779.4801787214915
Elevator call,998.2390349216074,16,0,3,2, Done, dt, 56.76096507839259
Elevator call,1006.7890618724637,0,13,3,2, Done, dt, 1339.2109381275363
Elevator call,1009.2854376425349,15,0,3,2, Done, dt, 882.7145623574651
Elevator call,1021.3167674412655,-1,18,3,2, Done, dt, 690.6832325587345
Elevator call,1026.1747664955665,-1,16,3,2, Done, dt, 1448.8252335044335
Elevator call,1043.9427861328584,0,13,3,2, Done, dt, 1302.0572138671416
Elevator call,1046.279460172499,0,-2,3,2, Done, dt, 113.72053982750094
Elevator call,1049.6119921371421,-1,15,3,2, Done, dt, 739.3880078628579
Elevator call,1050.1478225185908,-2,5,3,2, Done, dt, 1104.8521774814092
Elevator call,1054.9200570972548,0,10,3,2, Done, dt, 311.0799429027452
Elevator call,1058.3425382177916,-1,7,3,2, Done, dt, 1076.6574617822084
Elevator call,1061.3497891856125,0,7,3,2, Done, dt, 1073.6502108143875
Elevator call,1065.2913198413887,0,8,3,2, Done, dt, 1922.7086801586113
Elevator call,1068.1600143289822,-1,2,3,2, Done, dt, 697.8399856710178
Elevator call,1072.0940435257985,-1,3,3,2, Done, dt, 352.9059564742015
Elevator call,1086.0395030747954,-1,-2,3,2, Done, dt, 73.96049692520455
Elevator call,1086.9564736719517,-1,-2,3,2, Done, dt, 73.0435263280483
Elevator call,1095.6459199869669,0,-1,3,2, Done, dt, 186.35408001303313
Elevator call,1099.301027638211,6,3,3,2, Done, dt, 325.69897236178895
Elevator call,1107.5208855979677,1,-2,3,2, Done, dt, 52.47911440203234
Elevator call,1116.1994706847267,1,0,3,2, Done, dt, 55.80052931527325
Elevator call,1127.897552699288,-2,7,3,2, Done, dt, 1007.1024473007119
Elevator call,1129.1480142844896,0,2,3,2, Done, dt, 636.8519857155104
Elevator call,1147.5406805176676,-2,13,3,2, Done, dt, 1198.4593194823324
Elevator call,1152.774368572573,2,0,3,2, Done, dt, 739.2256314274271
Elevator call,1160.2222513229156,0,20,3,2, Done, dt, 48.777748677084446
Elevator call,1162.9248958580868,-1,-2,3,2, Done, dt, 165.07510414191324
Elevator call,1164.6755917731602,-2,6,3,2, Done, dt, 137.32440822683975
Elevator call,1170.9029971088776,0,15,3,2, Done, dt, 618.0970028911224
Elevator call,1171.911688693261,-2,3,3,2, Done, dt, 253.0883113067389
Elevator call,1176.0994115135807,0,12,3,2, Done, dt, 520.9005884864193
Elevator call,1181.1434898085204,0,1,3,2, Done, dt, 987.8565101914796
Elevator call,1185.6615591516652,-1,3,3,2, Done, dt, 239.3384408483348
Elevator call,1186.7659141651516,-1,13,3,2, Done, dt, 1159.2340858348484
Elevator call,1194.4816918484162,20,4,3,2, Done, dt, 73.51830815158382
Elevator call,1195.255320106989,12,-1,3,2, Done, dt, 547.7446798930109
Elevator call,1199.2902976507971,3,6,3,2, Done, dt, 1292.7097023492029
Elevator call,1201.1040445040928,5,12,2,2
Elevator call,1212.0655368067005,0,-1,3,2, Done, dt, 69.93446319329951
Elevator call,1219.9231943499599,0,2,3,2, Done, dt, 546.0768056500401
Elevator call,1227.3451263913057,12,0,3,2, Done, dt, 664.6548736086943
Elevator call,1227.8519734753409,18,-1,3,2, Done, dt, 515.1480265246591
Elevator call,1229.5740033141115,-1,0,3,2, Done, dt, 158.42599668588855
Elevator call,1230.646348542733,0,-2,3,2, Done, dt, 16.353651457267006
Elevator call,1235.0174537728853,-2,18,3,2, Done, dt, 476.98254622711465
Elevator call,1241.6592594169601,-2,-3,2,2
Elevator call,1254.8148951290755,-2,4,3,2, Done, dt, 339.18510487092453
Elevator call,1258.3955944109046,0,9,3,2, Done, dt, 274.60440558909545
Elevator call,1261.2765303635751,-1,-2,3,2, Done, dt, 66.72346963642485
Elevator call,1261.9566642321165,0,-2,3,2, Done, dt, 199.0433357678835
Elevator call,1265.235282049865,-1,7,3,2, Done, dt, 869.764717950135
Elevator call,1268.243941013624,-1,-2,3,2, Done, dt, 59.75605898637605
Elevator call,1271.6412097283428,1,0,3,2, Done, dt, 909.3587902716572
Elevator call,1274.9782991361408,-2,13,3,2, Done, dt, 1071.0217008638592
Elevator call,1276.7214782171718,-2,4,3,2, Done, dt, 317.2785217828282
Elevator call,1278.2602187639138,0,10,3,2, Done, dt, 821.7397812360862
Elevator call,1279.1510214108412,0,1,3,2, Done, dt, 889.8489785891588
Elevator call,1287.7202118533498,6,19,3,2, Done, dt, 1227.2797881466502
Elevator call,1300.836281186704,-1,0,3,2, Done, dt, 111.1637188132961
Elevator call,1313.7646791153716,-2,5,3,2, Done, dt, 841.2353208846284
Elevator call,1320.8662487199213,-2,-1,3,2, Done, dt, 79.13375128007874
Elevator call,1321.022113831665,0,-1,3,2, Done, dt, 78.97788616833509
Elevator call,1325.0849733245666,1,0,3,2, Done, dt, 855.9150266754334
Elevator call,1332.174271575912,-2,6,3,2, Done, dt, 1159.825728424088
Elevator call,1339.3637905860362,1,0,3,2, Done, dt, 841.6362094139638
Elevator call,1353.7323095433728,10,0,3,2, Done, dt, 34.26769045662718
Elevator call,1372.7268942821634,0,-2,3,2, Done, dt, 88.27310571783664
Elevator call,1388.0809474948549,-1,-2,3,2, Done, dt, 72.91905250514515
Elevator call,1388.8704226989184,9,0,3,2, Done, dt, 186.12957730108155
Elevator call,1392.391720223848,0,-1,3,2, Done, dt, 45.6082797761519
Elevator call,1400.141335501355,0,5,3,2, Done, dt, 754.8586644986451
Elevator call,1405.117770387189,0,-1,3,2, Done, dt, 32.88222961281099
Elevator call,1407.4981092474345,0,1,3,2, Done, dt, 761.5018907525655
Elevator call,1412.2886739449248,3,2,3,2, Done, dt, 353.71132605507523
Elevator call,1413.0207109733,0,-2,3,2, Done, dt, 429.9792890266999
Elevator call,1413.7508101029919,-2,19,3,2, Done, dt, 1101.2491898970081
Elevator call,1419.3684653958746,-2,0,3,2, Done, dt, 64.63153460412536
Elevator call,1425.9353539657573,-1,12,3,2, Done, dt, 271.06464603424274
Elevator call,1449.2266580537712,-2,20,3,2, Done, dt, 520.7733419462288
Elevator call,1449.5983328856476,0,-1,3,2, Done, dt, 53.40166711435245
Elevator call,1456.0363560975115,0,20,3,2, Done, dt, 513.9636439024885
Elevator call,1472.9039153699532,0,7,3,2, Done, dt, 662.0960846300468
Elevator call,1491.2356790353658,-1,-2,3,2, Done, dt, 351.7643209646342
Elevator call,1491.9876716243064,20,12,2,2
Elevator call,1492.211731617477,4,-1,3,2, Done, dt, 135.78826838252303
Elevator call,1505.1531988041907,0,-1,3,2, Done, dt, 122.84680119580935
Elevator call,1509.6144705911147,1,0,3,2, Done, dt, 671.3855294088853
Elevator call,1511.149938466147,-2,11,3,2, Done, dt, 357.850061533853
Elevator call,1512.6432289118493,-1,-2,3,2, Done, dt, 330.3567710881507
Elevator call,1512.7103496933357,-2,-3,2,2
Elevator call,1517.4410305743113,0,9,3,2, Done, dt, 1679.5589694256887
Elevator call,1525.3474653801065,-2,6,3,2, Done, dt, 966.6525346198935
Elevator call,1528.7833646204786,-2,15,3,2, Done, dt, 1031.2166353795214
Elevator call,1559.6783646864003,0,11,3,2, Done, dt, 95.3216353135997
Elevator call,1563.9621772497476,4,-1,3,2, Done, dt, 64.03782275025242
Elevator call,1567.0385482755566,-1,0,3,2, Done, dt, 111.96145172444335
Elevator call,1567.7677387191982,-2,6,3,2, Done, dt, 924.2322612808018
Elevator call,1581.2418281838495,4,0,3,2, Done, dt, 33.75817181615048
Elevator call,1586.7149392463398,4,0,3,2, Done, dt, 28.28506075366022
Elevator call,1592.275142001017,0,-1,3,2, Done, dt, 35.724857998983
Elevator call,1592.313241494302,0,13,3,2, Done, dt, 753.686758505698
Elevator call,1602.9991506248982,0,5,3,2, Done, dt, 552.0008493751018
Elevator call,1607.5724675361128,11,-2,3,2, Done, dt, 235.42753246388725
Elevator call,1611.4985260284295,-1,13,3,2, Done, dt, 734.5014739715705
Elevator call,1616.495819946025,-1,5,3,2, Done, dt, 538.504180053975
Elevator call,1626.9813954083652,-2,10,3,2, Done, dt, 473.0186045916348
Elevator call,1638.0876745228531,11,18,3,2, Done, dt, 73.91232547714685
Elevator call,1651.8118794033398,0,19,3,2, Done, dt, 863.1881205966602
Elevator call,1652.5436622208238,0,-1,3,2, Done, dt, 90.45633777917624
Elevator call,1662.3727236971508,0,1,3,2, Done, dt, 506.62727630284917
Elevator call,1671.5142487209814,10,0,3,2, Done, dt, 509.4857512790186
Elevator call,1671.5963931970773,6,2,3,2, Done, dt, 1252.4036068029227
Elevator call,1673.0262380475997,0,-2,3,2, Done, dt, 169.9737619524003
Elevator call,1674.9932169087417,12,-2,3,2, Done, dt, 168.00678309125828
Elevator call,1676.5556477102718,17,-1,3,2, Done, dt, 1129.4443522897282
Elevator call,1678.3204170962827,17,16,3,2, Done, dt, 1437.6795829037173
Elevator call,1680.297341368763,0,12,2,2
Elevator call,1688.8963190061388,-2,-3,2,2
Elevator call,1693.7083720924857,13,0,3,2, Done, dt, 699.2916279075143
Elevator call,1698.778965963265,18,0,3,2, Done, dt, 193.2210340367351
Elevator call,1699.477626376131,-1,-2,3,2, Done, dt, 143.52237362386904
Elevator call,1701.0124433964452,0,19,3,2, Done, dt, 813.9875566035548
Elevator call,1701.7117363940654,0,16,3,2, Done, dt, 773.2882636059346
Elevator call,1703.4655658368163,0,-1,3,2, Done, dt, 298.53443416318373
Elevator call,1722.237480410378,-1,0,3,2, Done, dt, 169.7625195896219
Elevator call,1725.141688103619,-2,0,3,2, Done, dt, 166.8583118963811
Elevator call,1731.0116675260697,-2,0,3,2, Done, dt, 160.9883324739303
Elevator call,1731.5562817703594,-1,7,3,2, Done, dt, 403.4437182296406
Elevator call,1732.1232989842915,0,-2,3,2, Done, dt, 197.87670101570848
Elevator call,1732.7444193815377,0,7,3,2, Done, dt, 402.2555806184623
Elevator call,1737.6126440052267,16,-1,3,2, Done, dt, 931.3873559947733
Elevator call,1738.6173668112058,17,0,3,2, Done, dt, 982.3826331887942
Elevator call,1739.8360162827166,12,-2,1,2
Elevator call,1753.2940678476284,2,0,3,2, Done, dt, 138.7059321523716
Elevator call,1771.0031016092044,15,0,3,2, Done, dt, 120.99689839079565
Elevator call,1771.6924482858142,0,-1,3,2, Done, dt, 230.30755171418582
Elevator call,1781.4140231821896,7,0,3,2, Done, dt, 399.58597681781043
Elevator call,1783.235145809691,0,-1,3,2, Done, dt, 218.76485419030905
Elevator call,1784.2686250745971,19,0,3,2, Done, dt, 756.7313749254029
Elevator call,1796.0165385309297,-1,9,3,2, Done, dt, 1400.9834614690703
Elevator call,1797.3106638715612,-2,0,3,2, Done, dt, 94.68933612843875
Elevator call,1803.4350303561544,-2,0,3,2, Done, dt, 88.56496964384564
Elevator call,1813.0454977139805,16,0,3,2, Done, dt, 727.9545022860195
Elevator call,1831.3623194993834,-2,-3,2,2
Elevator call,1832.6291956639932,0,-1,3,2, Done, dt, 169.3708043360068
Elevator call,1851.2178210120132,11,-2,3,2, Done, dt, 78.78217898798675
Elevator call,1865.5687051970885,-1,0,3,2, Done, dt, 195.43129480291145
Elevator call,1867.4506755531916,0,-1,3,2, Done, dt, 134.54932444680844
Elevator call,1875.3404729645688,0,11,3,2, Done, dt, 34.65952703543121
Elevator call,1882.3390780596653,-2,0,3,2, Done, dt, 61.660921940334674
Elevator call,1882.5774839738633,0,-1,3,2, Done, dt, 119.42251602613669
Elevator call,1888.502340301806,19,0,3,2, Done, dt, 652.497659698194
Elevator call,1888.7734941678218,-1,13,3,2, Done, dt, 457.2265058321782
Elevator call,1891.3918029793742,0,-1,3,2, Done, dt, 110.60819702062577
Elevator call,1893.0453830229326,11,-1,3,2, Done, dt, 108.95461697706742
Elevator call,1895.732191239106,7,0,3,2, Done, dt, 285.267808760894
Elevator call,1897.8521209029116,20,-2,3,2, Done, dt, 118.14787909708843
Elevator call,1900.6019993656198,-1,-2,3,2, Done, dt, 115.3980006343802
Elevator call,1908.2061624572284,-1,0,3,2, Done, dt, 152.7938375427716
Elevator call,1912.261822424403,-2,4,3,2, Done, dt, 119.73817757559709
Elevator call,1914.0424744880743,2,0,3,2, Done, dt, 626.9575255119257
Elevator call,1922.9562129214025,6,0,3,2, Done, dt, 618.0437870785975
Elevator call,1932.8903245839465,0,13,3,2, Done, dt, 413.1096754160535
Elevator call,1933.1997241451045,-1,0,3,2, Done, dt, 127.80027585489552
Elevator call,1935.2400332564332,-2,9,3,2, Done, dt, 1261.7599667435668
Elevator call,1935.6935673234314,4,5,3,2, Done, dt, 219.30643267656865
Elevator call,1936.7007137073797,-2,6,3,2, Done, dt, 555.2992862926203
Elevator call,1941.0757267171962,20,0,3,2, Done, dt, 119.92427328280382
Elevator call,1943.813247144802,-1,0,3,2, Done, dt, 117.18675285519794
Elevator call,1949.784947464023,20,0,3,2, Done, dt, 111.21505253597707
Elevator call,1951.5762467960542,3,0,1,2
Elevator call,1958.4940710636354,0,13,3,2, Done, dt, 387.5059289363646
Elevator call,1963.5902472963053,11,-1,3,2, Done, dt, 442.4097527036947
Elevator call,1980.215421094965,-1,13,3,2, Done, dt, 365.784578905035
Elevator call,1988.4417714287342,-2,0,3,2, Done, dt, 72.55822857126577
Elevator call,1988.5377668036501,1,0,3,2, Done, dt, 192.46223319634987
Elevator call,1988.8771071841018,9,-1,2,2
Elevator call,1989.3912353704022,16,-1,3,2, Done, dt, 679.6087646295978
Elevator call,1991.713841336244,0,15,3,2, Done, dt, 568.2861586637559
Elevator call,1999.7854611709754,16,0,3,2, Done, dt, 541.2145388290246
Elevator call,2001.6623201998348,-1,17,3,2, Done, dt, 687.3376798001652
Elevator call,2004.2338931477004,-1,-2,3,2, Done, dt, 113.76610685229957
Elevator call,2006.7990800263094,16,-1,3,2, Done, dt, 662.2009199736906
Elevator call,2018.9902118453663,4,-1,3,2, Done, dt, 27.009788154633725
Elevator call,2019.1480094518727,-1,0,3,2, Done, dt, 41.85199054812733
Elevator call,2020.4943878863019,0,15,3,2, Done, dt, 539.5056121136981
Elevator call,2024.441511289249,0,4,3,2, Done, dt, 854.5584887107509
Elevator call,2032.228737271991,-1,11,3,2, Done, dt, 333.7712627280091
Elevator call,2034.2201218223008,0,9,3,2, Done, dt, 1162.7798781776992
Elevator call,2049.948719536048,0,20,3,2, Done, dt, 238.05128046395203
Elevator call,2066.6166082886116,14,-1,3,2, Done, dt, 339.3833917113884
Elevator call,2074.5000292157097,7,0,3,2, Done, dt, 106.49997078429033
Elevator call,2074.6675106322587,13,-1,3,2, Done, dt, 331.33248936774135
Elevator call,2082.350297489644,-2,14,2,2
Elevator call,2082.550351904495,0,-1,3,2, Done, dt, 323.4496480955049
Elevator call,2087.0918614190236,10,0,3,2, Done, dt, 93.90813858097636
Elevator call,2088.076238013634,0,-1,3,2, Done, dt, 317.9237619863661
Elevator call,2091.6180080631675,0,16,3,2, Done, dt, 383.3819919368325
Elevator call,2098.0553498989207,0,4,3,2, Done, dt, 780.9446501010793
Elevator call,2101.269852375189,-2,13,3,2, Done, dt, 244.7301476248108
Elevator call,2107.4473031078146,15,0,3,2, Done, dt, 471.5526968921854
Elevator call,2119.4446766497167,7,0,3,2, Done, dt, 61.55532335028329
Elevator call,2122.398877073973,-1,0,3,2, Done, dt, 418.6011229260271
Elevator call,2143.8732731224727,5,-2,3,2, Done, dt, 77.12672687752729
Elevator call,2146.8027655814844,5,-2,3,2, Done, dt, 74.19723441851556
Elevator call,2156.9232348933983,1,-2,3,2, Done, dt, 64.07676510660167
Elevator call,2158.788624712423,0,2,3,2, Done, dt, 275.2113752875771
Elevator call,2159.6719834468263,2,-1,3,2, Done, dt, 509.3280165531737
Elevator call,2169.092846444923,0,14,2,2
Elevator call,2209.2672033227104,0,-2,3,2, Done, dt, 209.73279667728957
Elevator call,2219.232290431314,18,0,3,2, Done, dt, 1198.7677095686859
Elevator call,2223.412421134137,1,-2,3,2, Done, dt, 195.58757886586318
Elevator call,2237.8062398140846,0,-2,3,2, Done, dt, 181.19376018591538
Elevator call,2240.6449757883006,4,0,3,2, Done, dt, 651.3550242116994
Elevator call,2267.19035179452,20,0,3,2, Done, dt, 49.80964820547979
Elevator call,2269.073935805,4,-2,3,2, Done, dt, 640.926064195
Elevator call,2276.5214269910075,11,-1,3,2, Done, dt, 129.4785730089925
Elevator call,2296.412084711522,0,15,3,2, Done, dt, 263.58791528847814
Elevator call,2312.5209758484525,17,14,2,2
Elevator call,2317.1483575635148,7,-1,3,2, Done, dt, 88.85164243648524
Elevator call,2320.286064087497,9,0,3,2, Done, dt, 904.7139359125031
Elevator call,2330.5432845885116,0,-2,3,2, Done, dt, 88.4567154114884
Elevator call,2332.1906833972625,13,-2,3,2, Done, dt, 86.80931660273745
Elevator call,2340.3177131204475,0,-2,3,2, Done, dt, 78.68228687955252
Elevator call,2344.8057675925074,20,-1,1,2
Elevator call,2354.428601372434,11,-1,3,2, Done, dt, 51.57139862756594
Elevator call,2376.1285639463836,11,0,3,2, Done, dt, 475.87143605361643
Elevator call,2380.0640336509073,5,0,3,2, Done, dt, 160.93596634909272
Elevator call,2388.3236802242277,0,-2,3,2, Done, dt, 30.6763197757723
Elevator call,2394.736767313903,0,-1,3,2, Done, dt, 274.2632326860971
Elevator call,2397.8658642124356,12,-1,1,2
Elevator call,2398.917669305331,17,0,3,2, Done, dt, 322.08233069466905
Elevator call,2407.547511431685,-2,0,3,2, Done, dt, 133.45248856831495
Elevator call,2409.1357842188463,0,-1,3,2, Done, dt, 259.8642157811537
Elevator call,2409.932584009432,-2,-1,3,2, Done, dt, 259.06741599056795
Elevator call,2417.80623252286,13,-2,3,2, Done, dt, 1090.1937674771402
Elevator call,2421.86018769437,2,0,3,2, Done, dt, 119.13981230563013
Elevator call,2427.4430787152924,0,-1,3,2, Done, dt, 241.55692128470764
Elevator call,2430.7944697190233,15,0,3,2, Done, dt, 148.20553028097675
Elevator call,2435.6369742583897,5,-1,3,2, Done, dt, 233.36302574161027
Elevator call,2437.3050543688196,-1,7,3,2, Done, dt, 352.6949456311804
Elevator call,2444.95023414685,0,9,3,2, Done, dt, 752.0497658531499
Elevator call,2458.002613802915,16,0,3,2, Done, dt, 82.99738619708478
Elevator call,2463.6525575769356,0,-1,3,2, Done, dt, 205.34744242306442
Elevator call,2473.5619500365506,0,5,3,2, Done, dt, 796.4380499634494
Elevator call,2476.011393335222,6,0,3,2, Done, dt, 64.98860666477822
Elevator call,2479.331921765841,-2,0,3,2, Done, dt, 241.6680782341591
Elevator call,2491.3508010982187,-2,0,3,2, Done, dt, 229.64919890178135
Elevator call,2491.766357836541,-2,0,3,2, Done, dt, 229.23364216345908
Elevator call,2497.2364537023295,19,0,3,2, Done, dt, 43.76354629767047
Elevator call,2497.979024395474,0,-1,3,2, Done, dt, 171.02097560452603
Elevator call,2499.3995563538256,0,-2,3,2, Done, dt, 129.60044364617443
Elevator call,2501.9469761766222,7,0,3,2, Done, dt, 219.05302382337777
Elevator call,2504.4342590050687,10,-1,3,2, Done, dt, 164.56574099493128
Elevator call,2511.6393469637865,0,-2,3,2, Done, dt, 117.36065303621353
Elevator call,2520.9049901325434,0,6,3,2, Done, dt, 251.0950098674566
Elevator call,2536.1644486998566,-2,2,3,2, Done, dt, 387.8355513001434
Elevator call,2538.4007628055765,-2,19,3,2, Done, dt, 932.5992371944235
Elevator call,2541.256971339464,15,-2,3,2, Done, dt, 87.74302866053586
Elevator call,2546.2599410863213,10,0,3,2, Done, dt, 174.7400589136787
Elevator call,2546.955570550832,0,-2,3,2, Done, dt, 82.04442944916809
Elevator call,2548.3612910600405,0,-1,3,2, Done, dt, 120.63870893995954
Elevator call,2549.673809179427,0,14,2,2
Elevator call,2550.080015757623,3,-2,1,2
Elevator call,2560.4940813458666,0,-2,3,2, Done, dt, 68.50591865413344
Elevator call,2571.7370272296557,11,-2,3,2, Done, dt, 338.2629727703443
Elevator call,2576.409606140838,-1,-2,3,2, Done, dt, 333.59039385916185
Elevator call,2594.2761317974378,10,-1,3,2, Done, dt, 74.72386820256224
Elevator call,2598.8982923533167,-1,20,2,2
Elevator call,2604.674882673434,-2,5,3,2, Done, dt, 665.3251173265662
Elevator call,2612.9035847456016,-2,0,3,2, Done, dt, 108.09641525439838
Elevator call,2634.86354493551,7,-2,3,2, Done, dt, 275.13645506448984
Elevator call,2637.3353590725637,-1,0,3,2, Done, dt, 83.66464092743627
Elevator call,2637.9236345437316,18,0,3,2, Done, dt, 780.0763654562684
Elevator call,2643.633797162921,9,-1,2,2
Elevator call,2643.825518175521,2,0,3,2, Done, dt, 326.1744818244788
Elevator call,2654.0422277163634,-1,0,3,2, Done, dt, 66.95777228363659
Elevator call,2660.9939458513522,-2,18,3,2, Done, dt, 642.0060541486478
Elevator call,2662.150523726106,0,18,3,2, Done, dt, 640.8494762738942
Elevator call,2668.075054789295,-1,1,3,2, Done, dt, 688.9249452107051
Elevator call,2669.8455241690444,-1,17,2,2
Elevator call,2676.0964655151365,0,18,3,2, Done, dt, 626.9035344848635
Elevator call,2677.3285276609513,14,0,1,2
Elevator call,2680.6666139143304,-2,-1,3,2, Done, dt, 341.33338608566964
Elevator call,2701.735610969765,0,-1,3,2, Done, dt, 104.26438903023518
Elevator call,2705.3420140229277,-2,-3,2,2
Elevator call,2706.1708025950443,7,-2,3,2, Done, dt, 203.82919740495572
Elevator call,2709.9731156774637,12,-2,1,2
Elevator call,2728.310451524436,11,-1,3,2, Done, dt, 77.68954847556415
Elevator call,2732.3529029838287,3,0,1,2
Elevator call,2758.5305161355295,6,0,3,2, Done, dt, 93.46948386447048
Elevator call,2761.945148651458,13,0,3,2, Done, dt, 411.0548513485419
Elevator call,2762.9749045958188,3,10,1,2
Elevator call,2778.7158312211386,7,-2,3,2, Done, dt, 131.28416877886139
Elevator call,2784.4154434749566,15,-2,3,2, Done, dt, 723.5845565250434
Elevator call,2791.8189990832807,-1,-2,3,2, Done, dt, 118.18100091671931
Elevator call,2799.0616181182318,0,5,3,2, Done, dt, 470.93838188176824
Elevator call,2809.902598363241,7,0,3,2, Done, dt, 42.09740163675906
Elevator call,2837.57837716447,0,15,3,2, Done, dt, 110.42162283552989
Elevator call,2841.6897490341357,16,10,3,2, Done, dt, 553.3102509658643
Elevator call,2853.8366182242835,-1,14,2,2
Elevator call,2854.516140797933,0,3,2,2
Elevator call,2864.650766367333,-2,0,3,2, Done, dt, 105.34923363266716
Elevator call,2865.44820393249,4,-2,3,2, Done, dt, 44.55179606751017
Elevator call,2877.8368754473513,1,0,3,2, Done, dt, 540.1631245526487
Elevator call,2879.6069129269804,0,1,3,2, Done, dt, 477.3930870730196
Elevator call,2884.3921685163123,-2,-3,2,2
Elevator call,2889.9983383288536,11,-2,1,2
Elevator call,2898.9763968285088,0,-2,3,2, Done, dt, 609.0236031714912
Elevator call,2911.860699532249,2,-1,3,2, Done, dt, 110.13930046775113
Elevator call,2922.4631531791056,0,-1,3,2, Done, dt, 99.53684682089443
Elevator call,2930.192804489052,15,-2,3,2, Done, dt, 577.8071955109481
Elevator call,2932.036794136414,9,-2,3,2, Done, dt, 575.9632058635862
Elevator call,2940.478836596982,14,0,1,2
Elevator call,2941.339945338509,20,0,1,2
Elevator call,2951.403389652227,0,13,3,2, Done, dt, 113.5966103477731
Elevator call,2954.9182572343534,1,0,3,2, Done, dt, 463.0817427656466
Elevator call,2960.4611924364563,15,-2,1,2
Elevator call,2969.1139642990447,8,0,3,2, Done, dt, 67.88603570095529
Elevator call,2973.1763925065557,8,-1,3,2, Done, dt, 48.82360749344434
Elevator call,2981.992526396083,0,-1,2,2
Elevator call,2983.6562961659156,9,0,3,2, Done, dt, 241.3437038340844
Elevator call,2985.7767739967094,-1,0,3,2, Done, dt, 51.22322600329062
Elevator call,2989.0593359568884,6,-2,3,2, Done, dt, 518.9406640431116
Elevator call,2993.111909672555,12,0,1,2
Elevator call,2995.13542730074,2,0,1,2
Elevator call,2996.487948251339,-2,10,2,2
Elevator call,3007.8247567503727,-1,-2,3,2, Done, dt, 500.17524324962733
Elevator call,3011.4359994817114,6,-1,1,2
Elevator call,3019.4776649305277,-1,-2,3,2, Done, dt, 488.5223350694723
Elevator call,3021.1356207407416,1,-2,3,2, Done, dt, 486.8643792592584
Elevator call,3025.195251548018,0,19,3,2, Done, dt, 445.80474845198205
Elevator call,3026.321650292561,9,-2,3,2, Done, dt, 481.6783497074389
Elevator call,3035.2382442165076,11,-2,1,2
Elevator call,3036.1972909907,18,-1,2,2
Elevator call,3047.532583171968,13,-2,3,2, Done, dt, 460.4674168280321
Elevator call,3047.7822003608553,20,-2,1,2
Elevator call,3052.2829799844358,9,0,3,2, Done, dt, 172.71702001556423
Elevator call,3054.9160269628637,0,-2,3,2, Done, dt, 453.0839730371363
Elevator call,3059.469196118527,11,0,1,2
Elevator call,3060.792301667545,10,-1,2,2
Elevator call,3068.3527138708796,10,0,3,2, Done, dt, 104.6472861291204
Elevator call,3078.7572748348252,-2,-3,2,2
Elevator call,3102.052035385791,16,0,3,2, Done, dt, 70.94796461420901
Elevator call,3103.269631004827,2,0,1,2
Elevator call,3107.9682746370845,11,0,1,2
Elevator call,3110.160473073818,13,0,3,2, Done, dt, 307.83952692618186
Elevator call,3154.1797573363883,0,19,3,2, Done, dt, 316.8202426636117
Elevator call,3181.07309937684,9,-1,2,2
Elevator call,3187.3312097029684,10,-1,2,2
Elevator call,3193.17035330469,5,0,3,2, Done, dt, 224.8296466953102
Elevator call,3209.467940993962,0,-1,2,2
Elevator call,3210.470139248305,0,14,2,2
Elevator call,3215.3536946295912,-1,-2,1,2
Elevator call,3219.5343956519814,1,0,3,2, Done, dt, 198.4656043480186
Elevator call,3227.99515609041,13,-2,3,2, Done, dt, 280.0048439095899
Elevator call,3237.557661883782,15,0,1,2
Elevator call,3255.804018550335,5,0,3,2, Done, dt, 162.19598144966494
Elevator call,3285.0002335683657,18,8,3,2, Done, dt, 264.99976643163427
Elevator call,3292.4620873869544,2,0,1,2
Elevator call,3337.3377799816417,1,0,3,2, Done, dt, 80.66222001835831
Elevator call,3348.058239191636,4,-1,1,2
Elevator call,3358.732301369975,5,-1,2,2
Elevator call,3361.4521893489036,-2,0,2,2
Elevator call,3381.4486562594525,10,0,3,2, Done, dt, 36.55134374054751
Elevator call,3383.0336493223235,13,0,1,2
Elevator call,3402.7977895829968,0,-2,3,2, Done, dt, 105.20221041700324
Elevator call,3404.667235902953,13,0,1,2
Elevator call,3406.427128130753,4,-2,1,2
Elevator call,3421.1421533843964,16,0,2,2
Elevator call,3458.884230934001,19,0,2,2
Elevator call,3468.0464578609963,0,-1,1,2
Elevator call,3473.9876743480872,16,11,2,2
Elevator call,3488.540748414931,-2,-1,2,2
Elevator call,3489.1501202248724,16,0,1,2
Elevator call,3492.9879247273666,16,14,1,2
Elevator call,3496.3526150530033,16,0,1,2
Elevator call,3502.7523067267057,1,-2,1,2
Elevator call,3509.4776867744285,18,12,2,2
Elevator call,3519.9645511192357,-2,0,1,2
Elevator call,3521.639327171424,5,3,1,2
Elevator call,3529.2734554731123,0,-2,1,2
Elevator call,3534.064925762705,8,0,2,2
Elevator call,3537.825788664458,0,-1,1,2
Elevator call,3539.7732360389955,17,-2,1,2
Elevator call,3583.573433942424,9,-2,2,2
Elevator call,3596.190305112116,17,0,1,2
